<?xml version="1.0" encoding="UTF-8"?>
<project xmlns="http://maven.apache.org/POM/4.0.0" xmlns:xsi="http://www.w3.org/2001/XMLSchema-instance" xsi:schemaLocation="http://maven.apache.org/POM/4.0.0 http://maven.apache.org/maven-v4_0_0.xsd">
  <parent>
    <artifactId>spring-boot-starter-parent</artifactId>
    <groupId>org.springframework.boot</groupId>
    <version>2.2.2.RELEASE</version>
    <relativePath>pom.xml</relativePath>
  </parent>
  <modelVersion>4.0.0</modelVersion>
  <groupId>com.commerceiq.cloud</groupId>
  <artifactId>commerceiq-cloud-service</artifactId>
  <name>commerceIQ-cloud-service</name>
  <version>0.0.1-SNAPSHOT</version>
  <description>Demo project for Spring Boot</description>
  <build>
    <plugins>
      <plugin>
        <artifactId>maven-shade-plugin</artifactId>
        <version>3.2.1</version>
        <executions>
          <execution>
            <phase>package</phase>
            <goals>
              <goal>shade</goal>
            </goals>
          </execution>
        </executions>
        <dependencies>
          <dependency>
            <groupId>org.springframework.boot</groupId>
            <artifactId>spring-boot-maven-plugin</artifactId>
            <version>2.2.2.RELEASE</version>
          </dependency>
        </dependencies>
        <configuration>
          <transformers>
            <transformer>
              <resource>META-INF/spring.handlers</resource>
            </transformer>
            <transformer>
              <resource>META-INF/spring.factories</resource>
            </transformer>
            <transformer>
              <resource>META-INF/spring.schemas</resource>
            </transformer>
            <transformer />
            <transformer>
              <manifestEntries>
                <Main-Class>com.commerceiq.cloud.commerceiqcloudservice.CommerceIQCloudServiceApplication</Main-Class>
              </manifestEntries>
            </transformer>
          </transformers>
        </configuration>
      </plugin>
    </plugins>
  </build>
  <dependencies>
    <dependency>
      <groupId>org.springframework.boot</groupId>
      <artifactId>spring-boot-starter</artifactId>
      <version>2.2.2.RELEASE</version>
      <scope>provided</scope>
      <exclusions>
        <exclusion>
          <artifactId>spring-boot-starter-logging</artifactId>
          <groupId>org.springframework.boot</groupId>
        </exclusion>
      </exclusions>
    </dependency>
    <dependency>
      <groupId>org.springframework.boot</groupId>
      <artifactId>spring-boot-starter-log4j2</artifactId>
      <version>2.2.2.RELEASE</version>
      <scope>provided</scope>
    </dependency>
    <dependency>
      <groupId>org.apache.spark</groupId>
      <artifactId>spark-core_2.11</artifactId>
      <version>2.3.1</version>
      <scope>provided</scope>
    </dependency>
    <dependency>
      <groupId>org.apache.spark</groupId>
      <artifactId>spark-sql_2.11</artifactId>
      <version>2.3.1</version>
      <scope>provided</scope>
    </dependency>
    <dependency>
      <groupId>com.amazonaws</groupId>
      <artifactId>aws-java-sdk-s3</artifactId>
      <version>1.11.548</version>
      <scope>provided</scope>
    </dependency>
    <dependency>
      <groupId>com.amazonaws</groupId>
      <artifactId>aws-java-sdk-athena</artifactId>
      <version>1.11.354</version>
      <scope>provided</scope>
    </dependency>
    <dependency>
      <groupId>com.amazonaws</groupId>
      <artifactId>aws-java-sdk-s3control</artifactId>
      <version>1.12.112</version>
      <scope>provided</scope>
    </dependency>
    <dependency>
      <groupId>junit</groupId>
      <artifactId>junit</artifactId>
      <version>3.8.1</version>
      <scope>test</scope>
    </dependency>
    <dependency>
      <groupId>org.apache.hadoop</groupId>
      <artifactId>hadoop-aws</artifactId>
      <version>2.8.2</version>
      <scope>provided</scope>
    </dependency>
    <dependency>
      <groupId>org.springframework.boot</groupId>
      <artifactId>spring-boot-starter-test</artifactId>
      <version>2.2.2.RELEASE</version>
      <scope>test</scope>
      <exclusions>
        <exclusion>
          <artifactId>junit-vintage-engine</artifactId>
          <groupId>org.junit.vintage</groupId>
        </exclusion>
        <exclusion>
          <artifactId>spring-boot-test</artifactId>
          <groupId>org.springframework.boot</groupId>
        </exclusion>
        <exclusion>
          <artifactId>spring-boot-test-autoconfigure</artifactId>
          <groupId>org.springframework.boot</groupId>
        </exclusion>
        <exclusion>
          <artifactId>json-path</artifactId>
          <groupId>com.jayway.jsonpath</groupId>
        </exclusion>
        <exclusion>
          <artifactId>jakarta.xml.bind-api</artifactId>
          <groupId>jakarta.xml.bind</groupId>
        </exclusion>
        <exclusion>
          <artifactId>junit-jupiter</artifactId>
          <groupId>org.junit.jupiter</groupId>
        </exclusion>
        <exclusion>
          <artifactId>mockito-junit-jupiter</artifactId>
          <groupId>org.mockito</groupId>
        </exclusion>
        <exclusion>
          <artifactId>assertj-core</artifactId>
          <groupId>org.assertj</groupId>
        </exclusion>
        <exclusion>
          <artifactId>hamcrest</artifactId>
          <groupId>org.hamcrest</groupId>
        </exclusion>
        <exclusion>
          <artifactId>mockito-core</artifactId>
          <groupId>org.mockito</groupId>
        </exclusion>
        <exclusion>
          <artifactId>jsonassert</artifactId>
          <groupId>org.skyscreamer</groupId>
        </exclusion>
        <exclusion>
          <artifactId>spring-test</artifactId>
          <groupId>org.springframework</groupId>
        </exclusion>
        <exclusion>
          <artifactId>xmlunit-core</artifactId>
          <groupId>org.xmlunit</groupId>
        </exclusion>
      </exclusions>
    </dependency>
    <dependency>
      <groupId>org.projectlombok</groupId>
      <artifactId>lombok</artifactId>
      <version>1.18.10</version>
      <scope>provided</scope>
    </dependency>
    <dependency>
      <groupId>com.madden-abbott</groupId>
      <artifactId>jcommander-spring-boot-starter</artifactId>
      <version>0.1.0</version>
      <scope>provided</scope>
    </dependency>
    <dependency>
      <groupId>org.javatuples</groupId>
      <artifactId>javatuples</artifactId>
      <version>1.2</version>
      <scope>provided</scope>
    </dependency>
  </dependencies>
  <dependencyManagement>
    <dependencies>
      <dependency>
        <groupId>org.codehaus.janino</groupId>
        <artifactId>commons-compiler</artifactId>
        <version>3.0.8</version>
      </dependency>
      <dependency>
        <groupId>org.codehaus.janino</groupId>
        <artifactId>janino</artifactId>
        <version>3.0.8</version>
      </dependency>
      <dependency>
        <groupId>com.amazonaws</groupId>
        <artifactId>aws-java-sdk-bom</artifactId>
        <version>1.11.354</version>
        <type>pom</type>
        <scope>import</scope>
      </dependency>
    </dependencies>
  </dependencyManagement>
  <properties>
    <azure.version>2.2.0</azure.version>
    <java.version>1.8</java.version>
    <start-class>com.commerceiq.cloud.commerceiqcloudservice.CommerceIQCloudServiceApplication</start-class>
  </properties>
</project>
